,mean,sd,hdi_2.5%,hdi_97.5%,mcse_mean,mcse_sd,ess_bulk,ess_tail,r_hat
mu_beta,0.002,0.01,-0.018,0.021,0.0,0.0,49127.359,30409.224,1.0
"beta_bdnf[0,0]",0.09,0.103,-0.117,0.293,0.001,0.001,20687.542,24981.098,1.0
"beta_bdnf[1,0]",0.183,0.122,-0.033,0.439,0.001,0.001,19366.712,21323.594,1.0
"beta_bdnf[2,0]",0.399,0.127,0.165,0.659,0.001,0.001,9421.66,13183.172,1.0
"beta_bdnf[3,0]",0.025,0.259,-0.507,0.535,0.002,0.002,13309.08,11409.969,1.0
"beta_bdnf[4,0]",-0.073,0.299,-0.692,0.499,0.002,0.002,17862.526,12735.851,1.0
"beta_bdnf[5,0]",0.379,0.311,-0.168,1.021,0.003,0.003,10527.869,9951.293,1.0
"beta_syn[0,0]",-0.214,0.206,-0.619,0.182,0.003,0.002,6783.804,14070.592,1.0
"beta_syn[1,0]",0.191,0.229,-0.238,0.653,0.003,0.002,6432.759,11401.683,1.0
"beta_nnf[0,0]",0.067,0.296,-0.542,0.667,0.003,0.002,12280.425,12738.597,1.0
"beta_nnf[1,0]",0.03,0.294,-0.588,0.624,0.003,0.002,11944.051,14199.141,1.0
"beta_nnf[2,0]",0.013,0.323,-0.677,0.661,0.003,0.002,9371.75,11968.198,1.0
"beta_nnf[3,0]",0.057,0.236,-0.423,0.527,0.002,0.001,16403.44,19716.598,1.0
"Xmu_bdnf[0,0]",0.0,0.01,-0.02,0.019,0.0,0.0,60688.86,29749.71,1.0
"Xmu_bdnf[0,1]",0.0,0.01,-0.018,0.02,0.0,0.0,50004.178,29804.725,1.0
"Xmu_bdnf[0,2]",0.008,0.01,-0.012,0.028,0.0,0.0,47930.285,31010.714,1.0
"Xmu_bdnf[0,3]",0.008,0.01,-0.012,0.027,0.0,0.0,52181.787,29305.028,1.0
"Xmu_bdnf[0,4]",0.007,0.009,-0.011,0.025,0.0,0.0,48615.124,30815.656,1.0
"Xmu_bdnf[0,5]",0.008,0.01,-0.011,0.027,0.0,0.0,55505.343,29165.628,1.0
X_bdnf_modelled_missing[0],0.289,0.998,-1.652,2.281,0.005,0.005,48622.917,29748.981,1.0
X_bdnf_modelled_missing[1],0.539,0.873,-1.152,2.3,0.004,0.004,48612.908,30433.736,1.0
X_bdnf_modelled_missing[2],0.016,0.383,-0.722,0.788,0.002,0.002,49253.842,28681.121,1.0
X_bdnf_modelled_missing[3],0.003,0.227,-0.433,0.457,0.001,0.001,51698.004,28633.122,1.0
X_bdnf_modelled_missing[4],0.092,0.393,-0.683,0.865,0.002,0.002,53124.879,29311.646,1.0
X_bdnf_modelled_missing[5],0.168,1.021,-1.877,2.117,0.005,0.005,44479.363,30134.896,1.0
X_bdnf_modelled_missing[6],0.342,1.008,-1.646,2.329,0.004,0.005,50674.276,28873.384,1.0
X_bdnf_modelled_missing[7],0.655,0.867,-1.094,2.312,0.004,0.004,54017.066,29988.442,1.0
X_bdnf_modelled_missing[8],0.019,0.379,-0.743,0.744,0.002,0.002,49161.088,28901.389,1.0
X_bdnf_modelled_missing[9],0.0,0.229,-0.446,0.452,0.001,0.001,55777.079,28882.395,1.0
X_bdnf_modelled_missing[10],0.112,0.393,-0.659,0.898,0.002,0.002,44789.14,29354.733,1.0
X_bdnf_modelled_missing[11],0.074,1.004,-1.936,1.985,0.005,0.005,44310.338,29825.338,1.0
X_bdnf_modelled_missing[12],0.147,0.985,-1.78,2.114,0.004,0.005,53552.248,27091.907,1.0
X_bdnf_modelled_missing[13],-0.001,0.996,-1.954,1.974,0.005,0.005,40113.467,28222.443,1.0
X_bdnf_modelled_missing[14],0.019,0.992,-1.898,1.994,0.004,0.005,52078.674,29111.565,1.0
X_bdnf_modelled_missing[15],0.022,1.007,-1.892,2.069,0.004,0.005,53681.738,28315.969,1.0
X_bdnf_modelled_missing[16],0.105,0.861,-1.578,1.81,0.004,0.004,51917.126,28932.588,1.0
X_bdnf_modelled_missing[17],0.082,1.006,-1.908,2.043,0.005,0.005,48490.895,29270.326,1.0
X_bdnf_modelled_missing[18],-0.351,0.85,-2.004,1.332,0.004,0.004,48245.843,30931.273,1.0
X_bdnf_modelled_missing[19],0.105,1.011,-1.845,2.093,0.005,0.005,50059.973,29466.341,1.0
X_bdnf_modelled_missing[20],0.212,0.993,-1.724,2.157,0.005,0.005,42879.615,28696.763,1.0
X_bdnf_modelled_missing[21],0.398,0.868,-1.34,2.083,0.004,0.004,46508.446,29873.317,1.0
X_bdnf_modelled_missing[22],0.013,0.378,-0.719,0.775,0.002,0.002,62164.737,28791.221,1.0
X_bdnf_modelled_missing[23],0.002,0.229,-0.449,0.448,0.001,0.001,51572.565,28817.941,1.0
X_bdnf_modelled_missing[24],0.073,0.389,-0.695,0.835,0.002,0.002,59419.743,28392.339,1.0
X_bdnf_modelled_missing[25],-0.105,1.012,-2.061,1.925,0.005,0.005,50548.142,29194.845,1.0
X_bdnf_modelled_missing[26],0.09,1.0,-1.876,2.059,0.004,0.005,54970.788,29949.287,1.0
X_bdnf_modelled_missing[27],0.14,1.017,-1.841,2.126,0.005,0.005,49241.478,27482.274,1.0
X_bdnf_modelled_missing[28],0.261,0.995,-1.735,2.154,0.004,0.005,49503.697,29771.912,1.0
X_bdnf_modelled_missing[29],0.509,0.883,-1.233,2.232,0.005,0.004,33793.328,29435.551,1.0
X_bdnf_modelled_missing[30],0.015,0.375,-0.699,0.769,0.002,0.002,54417.517,30363.038,1.0
X_bdnf_modelled_missing[31],0.002,0.228,-0.445,0.449,0.001,0.001,55010.607,29061.849,1.0
X_bdnf_modelled_missing[32],0.09,0.39,-0.678,0.847,0.002,0.002,47316.557,29021.124,1.0
X_bdnf_modelled_missing[33],0.153,1.018,-1.843,2.143,0.005,0.005,41564.13,30205.535,1.0
X_bdnf_modelled_missing[34],0.295,1.002,-1.691,2.251,0.004,0.005,49883.739,29354.813,1.0
X_bdnf_modelled_missing[35],0.565,0.869,-1.17,2.251,0.004,0.004,47967.857,30465.234,1.0
X_bdnf_modelled_missing[36],0.016,0.383,-0.71,0.792,0.002,0.002,45590.023,28330.861,1.0
X_bdnf_modelled_missing[37],0.002,0.229,-0.444,0.451,0.001,0.001,62601.006,29566.859,1.0
X_bdnf_modelled_missing[38],0.097,0.394,-0.686,0.871,0.002,0.002,47443.015,29318.787,1.0
X_bdnf_modelled_missing[39],0.06,1.002,-1.898,2.041,0.005,0.005,48492.242,29423.301,1.0
X_bdnf_modelled_missing[40],0.374,0.987,-1.574,2.299,0.004,0.005,52125.047,29650.693,1.0
X_bdnf_modelled_missing[41],-0.103,1.005,-2.112,1.822,0.005,0.005,47229.137,29162.374,1.0
X_bdnf_modelled_missing[42],-0.212,1.021,-2.202,1.81,0.005,0.005,45518.93,29141.624,1.0
X_bdnf_modelled_missing[43],0.171,1.018,-1.853,2.153,0.005,0.005,50758.697,30416.598,1.0
X_bdnf_modelled_missing[44],0.344,1.011,-1.627,2.35,0.005,0.005,47002.242,29365.038,1.0
X_bdnf_modelled_missing[45],0.662,0.865,-1.043,2.352,0.004,0.004,45494.721,29740.748,1.0
X_bdnf_modelled_missing[46],0.016,0.385,-0.734,0.765,0.002,0.002,50037.721,28772.093,1.0
X_bdnf_modelled_missing[47],-0.001,0.229,-0.449,0.446,0.001,0.001,57430.913,29717.374,1.0
X_bdnf_modelled_missing[48],0.113,0.395,-0.66,0.889,0.002,0.002,47474.13,29359.016,1.0
X_bdnf_modelled_missing[49],-0.227,1.023,-2.25,1.778,0.005,0.005,41650.443,29587.942,1.0
X_bdnf_modelled_missing[50],0.031,1.009,-1.963,1.999,0.004,0.005,55655.853,29091.75,1.0
X_bdnf_modelled_missing[51],0.067,0.99,-1.863,2.044,0.004,0.005,52437.707,28636.997,1.0
X_bdnf_modelled_missing[52],0.124,0.868,-1.587,1.826,0.004,0.005,52983.987,30285.634,1.0
X_bdnf_modelled_missing[53],0.008,0.377,-0.728,0.748,0.002,0.002,49938.028,29408.98,1.0
X_bdnf_modelled_missing[54],0.006,0.228,-0.454,0.449,0.001,0.001,51442.498,28104.542,1.0
X_bdnf_modelled_missing[55],0.028,0.387,-0.728,0.791,0.002,0.002,54096.382,29520.768,1.0
X_bdnf_modelled_missing[56],0.087,1.006,-1.89,2.059,0.004,0.005,55806.055,29571.068,1.0
X_bdnf_modelled_missing[57],0.15,0.989,-1.754,2.13,0.004,0.005,49145.047,28748.502,1.0
X_bdnf_modelled_missing[58],0.299,0.866,-1.398,1.996,0.004,0.004,55229.235,31274.809,1.0
X_bdnf_modelled_missing[59],0.011,0.379,-0.743,0.741,0.002,0.002,57967.214,28899.278,1.0
X_bdnf_modelled_missing[60],0.004,0.227,-0.449,0.441,0.001,0.001,55311.62,27281.049,1.0
X_bdnf_modelled_missing[61],0.057,0.389,-0.704,0.819,0.002,0.002,52594.827,30090.709,1.0
X_bdnf_modelled_missing[62],-0.7,0.871,-2.434,0.986,0.004,0.004,39518.644,30052.566,1.0
X_bdnf_modelled_missing[63],0.126,1.017,-1.852,2.131,0.004,0.005,52414.26,29494.489,1.0
X_bdnf_modelled_missing[64],0.152,1.018,-1.905,2.082,0.004,0.006,53674.863,29101.759,1.0
X_bdnf_modelled_missing[65],0.291,0.999,-1.666,2.25,0.005,0.005,47537.535,29475.252,1.0
X_bdnf_modelled_missing[66],0.562,0.871,-1.136,2.299,0.004,0.004,39527.28,29138.188,1.0
X_bdnf_modelled_missing[67],0.014,0.381,-0.721,0.767,0.002,0.002,53547.985,29722.251,1.0
X_bdnf_modelled_missing[68],0.002,0.229,-0.452,0.452,0.001,0.001,47599.637,28613.177,1.0
X_bdnf_modelled_missing[69],0.097,0.392,-0.67,0.858,0.002,0.002,44903.754,27675.667,1.0
X_bdnf_modelled_missing[70],0.069,1.006,-1.904,2.042,0.004,0.005,55819.057,30139.301,1.0
y_obs_bdnf_missing[0],0.562,0.496,0.0,1.0,0.002,0.001,99839.495,40000.0,1.0
y_obs_bdnf_missing[1],0.578,0.494,0.0,1.0,0.002,0.001,87940.043,40000.0,1.0
y_obs_bdnf_missing[2],0.581,0.493,0.0,1.0,0.002,0.001,89862.436,40000.0,1.0
y_obs_bdnf_missing[3],0.565,0.496,0.0,1.0,0.002,0.001,94761.012,40000.0,1.0
y_obs_bdnf_missing[4],0.449,0.497,0.0,1.0,0.002,0.001,106391.672,40000.0,1.0
y_obs_bdnf_missing[5],0.607,0.489,0.0,1.0,0.002,0.001,65984.256,40000.0,1.0
y_obs_bdnf_missing[6],0.68,0.467,0.0,1.0,0.002,0.001,53397.39,40000.0,1.0
y_obs_bdnf_missing[7],0.547,0.498,0.0,1.0,0.002,0.001,102637.825,40000.0,1.0
y_obs_bdnf_missing[8],0.578,0.494,0.0,1.0,0.002,0.001,85241.664,40000.0,1.0
y_obs_bdnf_missing[9],0.587,0.492,0.0,1.0,0.002,0.001,80921.23,40000.0,1.0
y_obs_bdnf_missing[10],0.472,0.499,0.0,1.0,0.001,0.001,123753.588,40000.0,1.0
y_obs_bdnf_missing[11],0.691,0.462,0.0,1.0,0.002,0.001,53661.218,40000.0,1.0
y_obs_bdnf_missing[12],0.577,0.494,0.0,1.0,0.002,0.001,92601.982,40000.0,1.0
y_obs_bdnf_missing[13],0.445,0.497,0.0,1.0,0.002,0.001,103716.434,40000.0,1.0
y_obs_bdnf_missing[14],0.591,0.492,0.0,1.0,0.002,0.001,77842.065,40000.0,1.0
y_obs_bdnf_missing[15],0.562,0.496,0.0,1.0,0.002,0.001,95405.921,40000.0,1.0
y_obs_bdnf_missing[16],0.568,0.495,0.0,1.0,0.002,0.001,91772.354,40000.0,1.0
y_obs_bdnf_missing[17],0.442,0.497,0.0,1.0,0.002,0.001,98988.561,40000.0,1.0
y_obs_bdnf_missing[18],0.599,0.49,0.0,1.0,0.002,0.001,75029.024,40000.0,1.0
y_obs_bdnf_missing[19],0.57,0.495,0.0,1.0,0.002,0.001,91347.608,40000.0,1.0
y_obs_bdnf_missing[20],0.634,0.482,0.0,1.0,0.002,0.001,66201.083,40000.0,1.0
y_obs_bdnf_missing[21],0.425,0.494,0.0,1.0,0.002,0.001,86490.528,40000.0,1.0
y_obs_bdnf_missing[22],0.717,0.45,0.0,1.0,0.002,0.001,45284.535,40000.0,1.0
y_obs_bdnf_missing[23],0.636,0.481,0.0,1.0,0.002,0.001,65602.817,40000.0,1.0
y_obs_bdnf_missing[24],0.732,0.443,0.0,1.0,0.002,0.001,45386.59,40000.0,1.0
y_obs_bdnf_missing[25],0.536,0.499,0.0,1.0,0.002,0.001,106741.208,40000.0,1.0
y_obs_bdnf_missing[26],0.464,0.499,0.0,1.0,0.001,0.001,115648.877,40000.0,1.0
y_obs_bdnf_missing[27],0.465,0.499,0.0,1.0,0.002,0.001,89984.951,40000.0,1.0
y_obs_bdnf_missing[28],0.56,0.496,0.0,1.0,0.002,0.001,81059.171,40000.0,1.0
y_obs_bdnf_missing[29],0.588,0.492,0.0,1.0,0.002,0.001,66331.892,40000.0,1.0
y_obs_bdnf_missing[30],0.586,0.493,0.0,1.0,0.002,0.001,84053.471,40000.0,1.0
y_obs_bdnf_missing[31],0.601,0.49,0.0,1.0,0.002,0.001,71640.957,40000.0,1.0
y_obs_bdnf_missing[32],0.687,0.464,0.0,1.0,0.002,0.001,52376.454,40000.0,1.0
y_obs_bdnf_missing[33],0.58,0.494,0.0,1.0,0.002,0.001,87418.392,40000.0,1.0
y_obs_bdnf_missing[34],0.596,0.491,0.0,1.0,0.002,0.001,79662.026,40000.0,1.0
y_obs_bdnf_missing[35],0.57,0.495,0.0,1.0,0.002,0.001,81890.478,40000.0,1.0
y_obs_bdnf_missing[36],0.581,0.493,0.0,1.0,0.002,0.001,86337.385,40000.0,1.0
y_obs_bdnf_missing[37],0.522,0.5,0.0,1.0,0.002,0.001,80814.407,40000.0,1.0
y_obs_bdnf_missing[38],0.551,0.497,0.0,1.0,0.002,0.001,78184.349,40000.0,1.0
y_obs_bdnf_missing[39],0.611,0.488,0.0,1.0,0.002,0.001,73072.417,40000.0,1.0
y_obs_bdnf_missing[40],0.592,0.491,0.0,1.0,0.002,0.001,80717.021,40000.0,1.0
y_obs_bdnf_missing[41],0.594,0.491,0.0,1.0,0.002,0.001,77316.428,40000.0,1.0
y_obs_bdnf_missing[42],0.682,0.466,0.0,1.0,0.002,0.001,52943.444,40000.0,1.0
y_obs_bdnf_missing[43],0.586,0.493,0.0,1.0,0.002,0.001,83408.246,40000.0,1.0
y_obs_bdnf_missing[44],0.553,0.497,0.0,1.0,0.002,0.001,102277.6,40000.0,1.0
y_obs_bdnf_missing[45],0.542,0.498,0.0,1.0,0.002,0.001,104988.767,40000.0,1.0
y_obs_bdnf_missing[46],0.649,0.477,0.0,1.0,0.002,0.001,62618.024,40000.0,1.0
y_obs_bdnf_missing[47],0.631,0.483,0.0,1.0,0.002,0.001,68418.651,40000.0,1.0
y_obs_bdnf_missing[48],0.595,0.491,0.0,1.0,0.002,0.001,69052.884,40000.0,1.0
"Xmu_syn[0,0]",0.0,0.01,-0.019,0.02,0.0,0.0,46324.255,29313.683,1.0
"Xmu_syn[0,1]",-0.0,0.01,-0.02,0.019,0.0,0.0,60836.516,27939.704,1.0
X_syn_modelled_missing[0],0.386,1.068,-1.753,2.448,0.007,0.005,25071.241,26112.053,1.0
X_syn_modelled_missing[1],-0.339,1.08,-2.448,1.795,0.007,0.005,23020.885,24670.059,1.0
X_syn_modelled_missing[2],-0.179,1.023,-2.198,1.801,0.005,0.005,44394.824,28602.899,1.0
X_syn_modelled_missing[3],0.399,1.069,-1.705,2.513,0.007,0.005,26310.382,26093.038,1.0
X_syn_modelled_missing[4],-0.357,1.09,-2.486,1.798,0.007,0.006,23048.186,24380.738,1.0
X_syn_modelled_missing[5],0.088,1.001,-1.895,2.036,0.005,0.005,40437.024,28141.839,1.0
X_syn_modelled_missing[6],-0.086,1.008,-2.006,1.978,0.005,0.005,39683.682,27588.477,1.0
X_syn_modelled_missing[7],-0.075,0.992,-1.995,1.946,0.005,0.005,46511.266,28799.467,1.0
X_syn_modelled_missing[8],0.066,1.0,-1.884,2.027,0.005,0.005,44110.811,28457.258,1.0
X_syn_modelled_missing[9],-0.068,0.987,-2.064,1.824,0.005,0.005,43135.678,28135.237,1.0
X_syn_modelled_missing[10],0.049,1.01,-1.937,2.048,0.005,0.005,48930.934,27365.744,1.0
X_syn_modelled_missing[11],0.269,1.03,-1.743,2.317,0.005,0.005,36384.249,26181.619,1.0
X_syn_modelled_missing[12],-0.238,1.036,-2.278,1.807,0.006,0.005,30986.003,26895.873,1.0
X_syn_modelled_missing[13],0.024,1.006,-1.984,1.982,0.004,0.005,54202.772,28178.277,1.0
X_syn_modelled_missing[14],-0.033,1.013,-2.079,1.93,0.005,0.006,47255.689,27646.279,1.0
X_syn_modelled_missing[15],0.081,0.996,-1.881,2.062,0.005,0.005,43401.185,28478.418,1.0
X_syn_modelled_missing[16],-0.073,1.002,-1.992,1.963,0.005,0.006,43692.113,26789.982,1.0
X_syn_modelled_missing[17],0.227,1.019,-1.762,2.262,0.005,0.005,38117.786,28450.744,1.0
X_syn_modelled_missing[18],-0.206,1.027,-2.226,1.816,0.006,0.005,29745.218,25390.686,1.0
X_syn_modelled_missing[19],0.091,1.004,-1.871,2.074,0.005,0.005,47316.75,27788.886,1.0
X_syn_modelled_missing[20],-0.08,1.006,-2.093,1.872,0.005,0.005,41748.811,28825.766,1.0
X_syn_modelled_missing[21],-0.059,1.0,-2.049,1.88,0.004,0.006,53696.083,27766.648,1.0
X_syn_modelled_missing[22],0.05,0.999,-1.952,1.986,0.004,0.005,54378.765,28823.872,1.0
X_syn_modelled_missing[23],0.288,1.036,-1.706,2.405,0.005,0.005,36831.835,26225.513,1.0
X_syn_modelled_missing[24],-0.254,1.055,-2.377,1.798,0.006,0.006,31812.408,26109.504,1.0
X_syn_modelled_missing[25],0.09,0.999,-1.898,2.04,0.005,0.005,47659.912,27811.715,1.0
X_syn_modelled_missing[26],-0.076,0.995,-2.008,1.934,0.005,0.005,47445.309,26820.142,1.0
X_syn_modelled_missing[27],0.265,1.026,-1.701,2.344,0.005,0.005,37036.639,28349.624,1.0
X_syn_modelled_missing[28],-0.24,1.04,-2.35,1.746,0.006,0.005,29946.105,27610.367,1.0
X_syn_modelled_missing[29],-0.065,0.996,-2.018,1.891,0.005,0.005,49306.999,29121.394,1.0
X_syn_modelled_missing[30],0.055,1.004,-1.927,2.042,0.005,0.005,44257.003,28378.944,1.0
X_syn_modelled_missing[31],-0.039,0.998,-1.965,1.959,0.004,0.005,57271.715,28933.657,1.0
X_syn_modelled_missing[32],0.037,1.012,-1.978,1.993,0.004,0.006,51088.648,28018.192,1.0
X_syn_modelled_missing[33],-0.111,0.994,-2.088,1.828,0.005,0.005,41245.951,26449.928,1.0
X_syn_modelled_missing[34],0.107,1.007,-1.834,2.156,0.005,0.005,46299.041,29045.39,1.0
X_syn_modelled_missing[35],-0.094,0.998,-2.094,1.835,0.005,0.005,47605.725,27777.838,1.0
X_syn_modelled_missing[36],0.092,1.0,-1.823,2.082,0.005,0.005,47547.846,28752.095,1.0
X_syn_modelled_missing[37],-0.088,1.011,-2.046,1.941,0.005,0.005,41002.26,27324.9,1.0
X_syn_modelled_missing[38],0.327,1.065,-1.819,2.359,0.007,0.005,22594.801,25059.086,1.0
X_syn_modelled_missing[39],0.387,1.06,-1.702,2.475,0.006,0.005,28461.131,27751.665,1.0
X_syn_modelled_missing[40],-0.345,1.076,-2.444,1.78,0.007,0.005,23565.33,26170.257,1.0
X_syn_modelled_missing[41],-0.075,1.004,-2.095,1.858,0.005,0.005,40605.241,28479.359,1.0
X_syn_modelled_missing[42],0.061,1.011,-1.886,2.107,0.005,0.005,42313.282,27518.807,1.0
X_syn_modelled_missing[43],-0.232,1.024,-2.262,1.769,0.005,0.005,42640.759,28021.123,1.0
X_syn_modelled_missing[44],0.193,1.011,-1.843,2.153,0.005,0.005,34789.349,27154.296,1.0
X_syn_modelled_missing[45],-0.114,1.014,-2.122,1.869,0.005,0.005,45925.462,27048.027,1.0
X_syn_modelled_missing[46],0.092,1.019,-1.946,2.071,0.004,0.005,54156.186,29273.001,1.0
X_syn_modelled_missing[47],0.298,1.036,-1.718,2.358,0.006,0.005,33702.29,27573.81,1.0
X_syn_modelled_missing[48],-0.264,1.042,-2.314,1.792,0.006,0.005,26401.896,26090.912,1.0
X_syn_modelled_missing[49],0.398,1.069,-1.733,2.488,0.007,0.005,26567.476,24930.725,1.0
X_syn_modelled_missing[50],-0.359,1.082,-2.458,1.764,0.007,0.005,23923.071,26317.662,1.0
X_syn_modelled_missing[51],0.332,1.05,-1.741,2.393,0.006,0.005,32514.676,25213.128,1.0
X_syn_modelled_missing[52],-0.291,1.069,-2.425,1.792,0.007,0.005,26052.839,24331.738,1.0
X_syn_modelled_missing[53],0.25,1.033,-1.753,2.321,0.005,0.005,37413.37,26789.876,1.0
X_syn_modelled_missing[54],-0.222,1.049,-2.294,1.875,0.006,0.005,32660.945,26936.378,1.0
X_syn_modelled_missing[55],-0.116,0.997,-2.151,1.783,0.005,0.005,40598.382,28087.565,1.0
X_syn_modelled_missing[56],0.095,1.021,-1.893,2.129,0.005,0.005,46394.637,27576.299,1.0
X_syn_modelled_missing[57],-0.191,1.002,-2.168,1.786,0.005,0.005,43384.788,27116.837,1.0
X_syn_modelled_missing[58],0.166,1.018,-1.801,2.207,0.005,0.005,41070.573,27817.792,1.0
X_syn_modelled_missing[59],0.133,0.995,-1.8,2.122,0.005,0.005,44819.418,26644.476,1.0
X_syn_modelled_missing[60],-0.112,1.011,-2.089,1.866,0.005,0.006,45106.933,26816.912,1.0
X_syn_modelled_missing[61],-0.046,1.003,-2.049,1.883,0.005,0.005,45843.192,27135.54,1.0
X_syn_modelled_missing[62],0.032,1.005,-1.953,2.018,0.004,0.005,53150.638,28672.224,1.0
X_syn_modelled_missing[63],0.134,1.015,-1.862,2.104,0.005,0.005,37800.345,28522.31,1.0
X_syn_modelled_missing[64],-0.126,1.023,-2.108,1.915,0.005,0.005,43238.451,27314.308,1.0
X_syn_modelled_missing[65],-0.076,1.01,-2.017,1.977,0.005,0.005,46959.65,28337.54,1.0
X_syn_modelled_missing[66],0.067,1.015,-1.884,2.125,0.004,0.005,52929.446,28606.048,1.0
X_syn_modelled_missing[67],0.037,1.021,-1.955,2.041,0.005,0.005,49342.074,29361.105,1.0
X_syn_modelled_missing[68],-0.047,1.021,-2.07,1.943,0.005,0.005,40265.429,27420.056,1.0
X_syn_modelled_missing[69],-0.06,1.008,-2.06,1.893,0.005,0.005,49201.231,28923.356,1.0
X_syn_modelled_missing[70],0.048,1.008,-1.967,1.99,0.004,0.005,53045.455,27344.069,1.0
X_syn_modelled_missing[71],0.28,1.027,-1.763,2.273,0.006,0.005,34229.411,27477.205,1.0
X_syn_modelled_missing[72],-0.248,1.039,-2.35,1.758,0.006,0.005,33399.532,28056.54,1.0
X_syn_modelled_missing[73],0.021,0.998,-1.952,1.965,0.004,0.005,57628.289,29476.965,1.0
X_syn_modelled_missing[74],-0.014,1.016,-2.048,1.958,0.005,0.006,49122.079,27860.192,1.0
X_syn_modelled_missing[75],-0.06,0.997,-2.114,1.808,0.004,0.005,51835.804,27584.751,1.0
X_syn_modelled_missing[76],0.051,1.009,-1.938,2.029,0.005,0.005,42287.269,29919.078,1.0
X_syn_modelled_missing[77],0.225,1.041,-1.875,2.216,0.006,0.006,34505.382,25869.05,1.0
X_syn_modelled_missing[78],0.153,1.013,-1.855,2.119,0.005,0.005,45794.662,27894.784,1.0
X_syn_modelled_missing[79],-0.152,1.027,-2.183,1.86,0.005,0.005,39173.454,26930.702,1.0
X_syn_modelled_missing[80],0.431,1.08,-1.687,2.533,0.007,0.005,25720.657,26928.045,1.0
X_syn_modelled_missing[81],-0.38,1.105,-2.531,1.844,0.008,0.006,21090.08,24896.228,1.0
X_syn_modelled_missing[82],0.084,1.007,-1.911,2.072,0.005,0.005,44777.66,26360.434,1.0
X_syn_modelled_missing[83],-0.078,1.003,-2.004,1.929,0.004,0.005,52119.904,27148.71,1.0
X_syn_modelled_missing[84],0.398,1.065,-1.689,2.495,0.007,0.005,25956.549,25465.921,1.0
X_syn_modelled_missing[85],-0.349,1.097,-2.517,1.8,0.007,0.006,22804.912,25521.763,1.0
X_syn_modelled_missing[86],0.408,1.067,-1.678,2.534,0.006,0.005,27874.147,25311.889,1.0
X_syn_modelled_missing[87],-0.364,1.093,-2.475,1.827,0.007,0.006,22601.878,26374.436,1.0
X_syn_modelled_missing[88],0.026,1.015,-1.946,2.05,0.005,0.006,41197.757,25475.021,1.0
X_syn_modelled_missing[89],-0.032,1.004,-2.091,1.87,0.005,0.005,42986.144,28506.436,1.0
X_syn_modelled_missing[90],-0.104,1.015,-2.048,1.949,0.005,0.005,42909.374,27922.971,1.0
X_syn_modelled_missing[91],0.091,1.014,-1.888,2.092,0.005,0.005,44018.814,29613.209,1.0
X_syn_modelled_missing[92],0.302,1.031,-1.716,2.345,0.006,0.005,33013.927,26427.167,1.0
X_syn_modelled_missing[93],-0.274,1.05,-2.3,1.825,0.006,0.005,27769.73,27075.533,1.0
X_syn_modelled_missing[94],0.408,1.086,-1.735,2.553,0.007,0.005,26202.087,26611.864,1.0
X_syn_modelled_missing[95],-0.362,1.096,-2.487,1.811,0.007,0.005,23219.849,26062.469,1.0
X_syn_modelled_missing[96],0.291,1.037,-1.76,2.292,0.006,0.005,35151.544,27123.768,1.0
X_syn_modelled_missing[97],-0.256,1.043,-2.344,1.763,0.006,0.005,27809.057,25826.324,1.0
X_syn_modelled_missing[98],0.287,1.043,-1.78,2.338,0.006,0.005,35411.927,27777.968,1.0
X_syn_modelled_missing[99],-0.251,1.046,-2.266,1.843,0.006,0.005,29198.817,28154.329,1.0
X_syn_modelled_missing[100],0.224,1.047,-1.891,2.224,0.006,0.006,36316.117,27009.52,1.0
X_syn_modelled_missing[101],0.21,1.038,-1.873,2.231,0.006,0.006,33539.537,26354.671,1.0
X_syn_modelled_missing[102],0.057,0.983,-1.889,1.982,0.004,0.005,52853.207,29378.186,1.0
X_syn_modelled_missing[103],-0.056,1.002,-1.997,1.961,0.005,0.006,48365.499,28872.172,1.0
X_syn_modelled_missing[104],-0.095,1.009,-2.135,1.849,0.005,0.005,45011.99,27559.594,1.0
X_syn_modelled_missing[105],0.081,0.998,-1.917,2.023,0.004,0.005,51403.325,26268.275,1.0
X_syn_modelled_missing[106],0.003,1.018,-1.971,2.028,0.004,0.006,53789.649,28671.077,1.0
X_syn_modelled_missing[107],0.002,1.017,-1.964,2.025,0.004,0.006,62557.714,27528.563,1.0
X_syn_modelled_missing[108],-0.011,1.004,-1.973,1.965,0.005,0.005,48932.834,27819.621,1.0
X_syn_modelled_missing[109],0.014,1.004,-1.915,2.044,0.004,0.005,51758.174,28900.687,1.0
X_syn_modelled_missing[110],-0.017,1.018,-2.044,1.973,0.005,0.005,40890.539,28106.268,1.0
X_syn_modelled_missing[111],0.023,1.019,-2.019,2.001,0.005,0.005,43494.346,28456.085,1.0
"Xmu_nnf[0,0]",-0.0,0.01,-0.02,0.019,0.0,0.0,58434.795,29657.338,1.0
"Xmu_nnf[0,1]",-0.0,0.01,-0.02,0.019,0.0,0.0,52006.898,29197.709,1.0
"Xmu_nnf[0,2]",-0.0,0.01,-0.019,0.02,0.0,0.0,53077.45,29845.907,1.0
"Xmu_nnf[0,3]",-0.0,0.01,-0.02,0.02,0.0,0.0,64821.19,28730.084,1.0
X_nnf_modelled_missing[0],-0.052,1.036,-2.133,1.947,0.005,0.005,39088.104,29296.276,1.0
X_nnf_modelled_missing[1],-0.025,1.03,-2.06,2.006,0.005,0.005,40230.299,28957.21,1.0
X_nnf_modelled_missing[2],-0.006,1.047,-2.075,2.042,0.005,0.005,38043.533,27733.811,1.0
X_nnf_modelled_missing[3],-0.056,1.057,-2.159,2.0,0.005,0.006,43380.02,28920.845,1.0
X_nnf_modelled_missing[4],-0.062,1.04,-2.052,2.027,0.005,0.006,42881.677,27985.452,1.0
X_nnf_modelled_missing[5],-0.029,1.039,-2.069,2.012,0.005,0.006,42960.261,27912.993,1.0
X_nnf_modelled_missing[6],-0.015,1.062,-2.135,2.052,0.005,0.006,39829.535,27247.409,1.0
X_nnf_modelled_missing[7],-0.048,1.057,-2.163,2.002,0.005,0.006,46448.812,27694.453,1.0
X_nnf_modelled_missing[8],-0.01,1.005,-1.963,1.991,0.004,0.005,51376.093,27821.029,1.0
X_nnf_modelled_missing[9],0.004,1.004,-1.998,1.954,0.005,0.005,50199.783,27948.192,1.0
X_nnf_modelled_missing[10],-0.007,1.009,-1.996,1.972,0.004,0.006,54879.405,28244.093,1.0
X_nnf_modelled_missing[11],-0.017,1.032,-2.061,2.001,0.005,0.006,52160.477,28424.505,1.0
X_nnf_modelled_missing[12],0.008,1.043,-2.018,2.075,0.005,0.006,37180.999,27841.253,1.0
X_nnf_modelled_missing[13],0.038,1.037,-1.996,2.104,0.005,0.005,46810.16,29385.761,1.0
X_nnf_modelled_missing[14],-0.002,1.037,-2.067,2.01,0.005,0.005,43202.632,27742.845,1.0
X_nnf_modelled_missing[15],0.041,1.036,-1.976,2.108,0.005,0.006,45322.684,27209.69,1.0
X_nnf_modelled_missing[16],-0.043,1.008,-2.048,1.914,0.005,0.005,45245.61,28817.291,1.0
X_nnf_modelled_missing[17],-0.016,1.024,-2.023,1.988,0.005,0.005,47723.774,28283.936,1.0
X_nnf_modelled_missing[18],-0.011,1.034,-2.079,1.989,0.005,0.006,44332.451,27831.313,1.0
X_nnf_modelled_missing[19],-0.044,1.047,-2.134,2.011,0.005,0.006,48139.574,25542.14,1.0
X_nnf_modelled_missing[20],-0.0,1.027,-2.027,2.02,0.004,0.006,56175.979,27916.386,1.0
X_nnf_modelled_missing[21],0.03,1.025,-2.012,2.024,0.005,0.006,44961.538,27564.153,1.0
X_nnf_modelled_missing[22],-0.008,0.993,-1.949,1.95,0.005,0.005,45402.312,28679.285,1.0
X_nnf_modelled_missing[23],-0.004,0.999,-1.989,1.959,0.004,0.005,53961.97,28609.373,1.0
X_nnf_modelled_missing[24],0.006,1.02,-1.933,2.077,0.004,0.006,58412.885,27509.304,1.0
X_nnf_modelled_missing[25],-0.013,1.025,-2.05,1.949,0.004,0.006,58169.052,28465.463,1.0
X_nnf_modelled_missing[26],-0.002,1.01,-2.045,1.915,0.004,0.005,59780.116,29733.745,1.0
X_nnf_modelled_missing[27],-0.008,1.033,-2.028,2.035,0.005,0.006,50225.386,27312.275,1.0
X_nnf_modelled_missing[28],-0.014,1.011,-2.002,1.945,0.004,0.006,57835.053,28616.816,1.0
X_nnf_modelled_missing[29],-0.009,1.004,-2.005,1.943,0.005,0.005,48533.412,28266.956,1.0
X_nnf_modelled_missing[30],-0.009,1.017,-2.029,1.992,0.004,0.006,55839.795,27855.3,1.0
X_nnf_modelled_missing[31],-0.005,1.035,-2.11,2.002,0.005,0.006,47194.368,27263.344,1.0
X_nnf_modelled_missing[32],0.036,1.043,-1.966,2.141,0.005,0.005,41373.06,28820.112,1.0
X_nnf_modelled_missing[33],-0.043,1.018,-2.058,1.94,0.004,0.005,52059.723,29627.185,1.0
X_nnf_modelled_missing[34],-0.025,1.022,-1.983,2.038,0.005,0.005,42641.243,28202.536,1.0
X_nnf_modelled_missing[35],-0.007,1.043,-2.026,2.049,0.005,0.006,38577.355,27679.942,1.0
X_nnf_modelled_missing[36],-0.043,1.047,-2.114,1.997,0.005,0.006,47080.82,27915.242,1.0
X_nnf_modelled_missing[37],0.04,1.031,-1.969,2.087,0.005,0.005,45591.52,28510.0,1.0
X_nnf_modelled_missing[38],0.026,1.041,-1.965,2.151,0.005,0.006,47822.239,28541.502,1.0
X_nnf_modelled_missing[39],-0.006,1.006,-1.983,1.963,0.004,0.005,53872.278,28890.04,1.0
X_nnf_modelled_missing[40],-0.002,1.008,-1.989,1.98,0.004,0.005,50836.987,29171.177,1.0
X_nnf_modelled_missing[41],-0.001,1.022,-1.98,2.048,0.004,0.006,57210.725,28398.883,1.0
X_nnf_modelled_missing[42],-0.015,1.037,-2.089,1.987,0.004,0.006,54690.341,28055.251,1.0
X_nnf_modelled_missing[43],0.007,1.015,-1.968,2.042,0.005,0.005,48928.636,28218.735,1.0
X_nnf_modelled_missing[44],-0.007,1.025,-2.054,1.987,0.004,0.006,57228.919,28069.5,1.0
X_nnf_modelled_missing[45],0.004,1.031,-2.064,2.007,0.005,0.006,47679.98,27921.093,1.0
X_nnf_modelled_missing[46],0.042,1.04,-1.988,2.125,0.005,0.006,44681.51,27211.853,1.0
X_nnf_modelled_missing[47],-0.0,1.039,-2.059,2.024,0.005,0.006,44206.655,27878.568,1.0
X_nnf_modelled_missing[48],0.041,1.04,-2.018,2.08,0.005,0.006,46640.031,27129.196,1.0
X_nnf_modelled_missing[49],-0.016,0.997,-1.94,1.992,0.005,0.005,49052.284,28459.589,1.0
X_nnf_modelled_missing[50],-0.001,1.001,-1.912,2.015,0.004,0.006,54004.511,29192.891,1.0
X_nnf_modelled_missing[51],-0.0,1.018,-2.01,1.968,0.005,0.005,50504.511,28324.034,1.0
X_nnf_modelled_missing[52],-0.007,1.027,-2.093,1.962,0.005,0.006,50865.081,27181.343,1.0
X_nnf_modelled_missing[53],-0.001,1.02,-1.998,2.008,0.004,0.006,57526.842,28150.631,1.0
X_nnf_modelled_missing[54],0.01,1.034,-1.997,2.054,0.005,0.005,49815.914,28528.346,1.0
X_nnf_modelled_missing[55],-0.007,1.022,-1.998,2.03,0.005,0.005,45976.193,29320.959,1.0
X_nnf_modelled_missing[56],0.025,1.026,-1.995,2.062,0.005,0.005,45696.489,29298.795,1.0
X_nnf_modelled_missing[57],0.009,1.024,-1.928,2.083,0.005,0.005,41463.64,28490.931,1.0
X_nnf_modelled_missing[58],0.031,1.026,-1.975,2.083,0.005,0.006,48889.212,28319.602,1.0
X_nnf_modelled_missing[59],-0.015,0.989,-1.998,1.874,0.004,0.005,59546.263,28614.694,1.0
X_nnf_modelled_missing[60],-0.017,0.998,-2.038,1.878,0.004,0.005,61416.271,27247.17,1.0
X_nnf_modelled_missing[61],-0.002,1.012,-1.97,2.005,0.005,0.005,49260.129,30231.568,1.0
X_nnf_modelled_missing[62],-0.005,1.029,-2.099,1.969,0.005,0.005,44626.642,28974.178,1.0
X_nnf_modelled_missing[63],0.003,1.049,-2.039,2.07,0.005,0.006,37283.136,28237.743,1.0
X_nnf_modelled_missing[64],0.058,1.045,-2.007,2.095,0.005,0.006,43257.867,28704.883,1.0
X_nnf_modelled_missing[65],-0.047,1.045,-2.078,2.02,0.005,0.005,38186.358,28213.948,1.0
X_nnf_modelled_missing[66],-0.037,1.033,-2.019,2.042,0.006,0.005,35089.52,26855.055,1.0
X_nnf_modelled_missing[67],-0.008,1.043,-2.05,2.026,0.005,0.006,40898.011,28172.988,1.0
X_nnf_modelled_missing[68],-0.057,1.053,-2.151,1.986,0.005,0.006,53414.44,27811.379,1.0
X_nnf_modelled_missing[69],0.022,1.035,-2.022,2.052,0.005,0.006,51222.844,28119.194,1.0
X_nnf_modelled_missing[70],0.015,1.014,-1.935,2.073,0.005,0.005,41956.628,27667.561,1.0
X_nnf_modelled_missing[71],0.035,1.044,-2.039,2.078,0.005,0.005,40430.364,27668.785,1.0
X_nnf_modelled_missing[72],0.014,1.067,-2.049,2.127,0.006,0.006,32697.891,26164.623,1.0
X_nnf_modelled_missing[73],0.066,1.057,-1.991,2.2,0.005,0.006,38547.5,26042.043,1.0
X_nnf_modelled_missing[74],-0.013,1.028,-2.051,1.983,0.004,0.006,53393.604,27228.775,1.0
X_nnf_modelled_missing[75],-0.06,1.036,-2.051,2.001,0.005,0.005,46286.537,29589.932,1.0
X_nnf_modelled_missing[76],-0.033,1.027,-2.035,1.977,0.005,0.005,37737.287,27712.8,1.0
X_nnf_modelled_missing[77],-0.016,1.049,-2.073,2.055,0.006,0.005,36427.874,28661.58,1.0
X_nnf_modelled_missing[78],-0.06,1.053,-2.22,1.925,0.005,0.006,44804.774,28081.024,1.0
X_nnf_modelled_missing[79],-0.01,1.023,-2.068,1.987,0.004,0.006,54719.993,28036.987,1.0
X_nnf_modelled_missing[80],-0.018,1.029,-2.11,1.934,0.005,0.006,50042.348,28166.109,1.0
X_nnf_modelled_missing[81],-0.04,1.021,-2.045,1.974,0.005,0.005,47032.294,29467.288,1.0
X_nnf_modelled_missing[82],-0.013,1.02,-2.031,1.97,0.005,0.005,50794.53,28451.741,1.0
X_nnf_modelled_missing[83],-0.014,1.036,-2.018,2.072,0.005,0.005,43153.48,27805.237,1.0
X_nnf_modelled_missing[84],-0.04,1.043,-2.146,1.97,0.005,0.006,45731.428,26532.985,1.0
X_nnf_modelled_missing[85],0.027,1.04,-2.041,2.08,0.005,0.006,39337.914,26299.947,1.0
X_nnf_modelled_missing[86],-0.038,1.027,-2.031,2.005,0.005,0.005,48337.144,29025.189,1.0
X_nnf_modelled_missing[87],-0.012,1.017,-2.043,1.944,0.005,0.005,44599.85,28365.66,1.0
X_nnf_modelled_missing[88],-0.014,1.037,-2.103,1.956,0.005,0.006,44183.546,27801.116,1.0
X_nnf_modelled_missing[89],-0.037,1.045,-2.07,2.057,0.005,0.006,47116.986,26766.027,1.0
X_nnf_modelled_missing[90],0.005,1.036,-2.029,2.034,0.005,0.005,37992.737,27982.267,1.0
X_nnf_modelled_missing[91],0.047,1.043,-2.021,2.097,0.005,0.006,45908.186,27047.025,1.0
X_nnf_modelled_missing[92],0.015,1.049,-2.016,2.102,0.006,0.006,33440.636,27439.915,1.0
X_nnf_modelled_missing[93],0.051,1.055,-2.041,2.109,0.005,0.006,45732.245,26719.496,1.0
X_nnf_modelled_missing[94],-0.006,1.009,-2.021,1.969,0.005,0.005,43243.806,27577.352,1.0
X_nnf_modelled_missing[95],0.013,1.031,-1.956,2.099,0.005,0.006,47727.932,26643.909,1.0
X_nnf_modelled_missing[96],0.008,1.025,-2.046,1.987,0.005,0.006,44679.512,27331.805,1.0
X_nnf_modelled_missing[97],0.043,1.031,-1.967,2.056,0.005,0.006,42442.043,26556.529,1.0
X_nnf_modelled_missing[98],0.006,1.017,-2.023,1.983,0.004,0.005,51593.833,28828.861,1.0
X_nnf_modelled_missing[99],0.011,1.038,-2.044,2.051,0.005,0.006,48162.271,27675.985,1.0
X_nnf_modelled_missing[100],0.0,1.025,-1.997,2.031,0.005,0.005,45153.163,27856.026,1.0
X_nnf_modelled_missing[101],0.026,1.039,-2.011,2.1,0.004,0.006,54850.65,27676.924,1.0
X_nnf_modelled_missing[102],0.008,1.034,-2.044,2.003,0.005,0.006,44769.107,28219.185,1.0
X_nnf_modelled_missing[103],0.041,1.047,-2.057,2.086,0.005,0.006,37189.693,25906.514,1.0
X_nnf_modelled_missing[104],0.005,1.021,-2.014,2.001,0.005,0.005,50348.036,29115.096,1.0
X_nnf_modelled_missing[105],-0.001,1.011,-1.983,1.998,0.004,0.006,57041.596,29032.185,1.0
X_nnf_modelled_missing[106],-0.002,1.018,-2.031,1.978,0.004,0.006,53967.417,28286.846,1.0
X_nnf_modelled_missing[107],0.005,1.03,-2.001,2.051,0.004,0.006,55815.74,28909.824,1.0
X_nnf_modelled_missing[108],0.005,1.036,-2.019,2.054,0.005,0.005,41487.82,28275.093,1.0
X_nnf_modelled_missing[109],0.035,1.043,-2.0,2.12,0.005,0.006,43243.517,27751.733,1.0
X_nnf_modelled_missing[110],0.007,1.039,-1.994,2.092,0.005,0.006,40740.58,28012.356,1.0
X_nnf_modelled_missing[111],0.034,1.025,-1.964,2.075,0.005,0.006,51031.356,28431.711,1.0
X_nnf_modelled_missing[112],-0.005,1.014,-2.054,1.966,0.005,0.005,49119.007,29351.577,1.0
X_nnf_modelled_missing[113],0.024,1.043,-2.06,2.074,0.005,0.006,50620.568,26467.872,1.0
X_nnf_modelled_missing[114],-0.027,1.008,-1.968,1.993,0.004,0.005,50546.182,28851.924,1.0
X_nnf_modelled_missing[115],-0.009,1.01,-1.969,1.997,0.005,0.005,48803.8,28603.157,1.0
X_nnf_modelled_missing[116],-0.003,1.037,-2.0,2.07,0.004,0.006,55721.663,28806.031,1.0
X_nnf_modelled_missing[117],-0.011,1.032,-1.988,2.072,0.005,0.006,52057.274,29007.102,1.0
X_nnf_modelled_missing[118],-0.061,1.042,-2.084,2.01,0.005,0.005,41585.541,29092.474,1.0
X_nnf_modelled_missing[119],-0.032,1.043,-2.073,2.019,0.005,0.005,38054.774,28702.662,1.0
X_nnf_modelled_missing[120],-0.006,1.062,-2.11,2.061,0.005,0.006,41776.483,26590.42,1.0
X_nnf_modelled_missing[121],-0.05,1.052,-2.103,2.051,0.005,0.006,45156.588,27169.307,1.0
X_nnf_modelled_missing[122],-0.009,1.0,-2.014,1.95,0.004,0.005,56180.97,28811.272,1.0
X_nnf_modelled_missing[123],-0.004,1.005,-1.944,1.992,0.004,0.005,62869.578,29927.14,1.001
X_nnf_modelled_missing[124],0.0,1.023,-2.013,2.046,0.004,0.006,52924.461,28129.842,1.0
X_nnf_modelled_missing[125],-0.008,1.023,-2.103,1.959,0.005,0.006,47637.114,28007.796,1.0
X_nnf_modelled_missing[126],-0.058,1.035,-2.079,1.984,0.005,0.005,44870.096,29426.249,1.0
X_nnf_modelled_missing[127],-0.023,1.032,-2.056,1.986,0.005,0.005,42344.49,29147.705,1.0
X_nnf_modelled_missing[128],-0.01,1.051,-2.075,2.053,0.005,0.006,40677.585,27793.359,1.0
X_nnf_modelled_missing[129],-0.055,1.051,-2.152,1.999,0.005,0.006,51374.336,27969.546,1.0
X_nnf_modelled_missing[130],-0.064,1.034,-2.034,2.022,0.005,0.005,40386.197,28857.495,1.0
X_nnf_modelled_missing[131],-0.032,1.039,-2.01,2.062,0.005,0.005,38961.622,29462.666,1.0
X_nnf_modelled_missing[132],-0.015,1.06,-2.095,2.096,0.005,0.006,39542.864,28703.776,1.0
X_nnf_modelled_missing[133],-0.067,1.055,-2.152,2.029,0.005,0.006,39496.716,25491.573,1.0
X_nnf_modelled_missing[134],0.003,1.006,-1.998,1.973,0.004,0.005,51509.346,27598.598,1.0
X_nnf_modelled_missing[135],0.004,1.008,-1.955,1.991,0.004,0.005,55182.563,29582.078,1.0
X_nnf_modelled_missing[136],-0.001,1.019,-2.062,1.94,0.004,0.006,53845.913,27187.502,1.0
X_nnf_modelled_missing[137],0.001,1.028,-2.046,1.991,0.004,0.006,54348.392,28322.438,1.0
X_nnf_modelled_missing[138],-0.061,1.041,-2.089,1.983,0.005,0.005,41249.47,28464.742,1.0
X_nnf_modelled_missing[139],-0.028,1.04,-2.023,2.07,0.005,0.005,41644.554,28226.571,1.0
X_nnf_modelled_missing[140],-0.015,1.062,-2.07,2.095,0.006,0.005,35230.695,27451.033,1.0
X_nnf_modelled_missing[141],-0.058,1.064,-2.099,2.074,0.005,0.006,43384.799,26793.484,1.0
X_nnf_modelled_missing[142],0.005,1.014,-1.996,2.028,0.004,0.006,51645.874,26781.936,1.0
X_nnf_modelled_missing[143],-0.01,1.032,-2.046,2.007,0.005,0.006,52504.567,27664.546,1.0
X_nnf_modelled_missing[144],-0.001,1.013,-1.982,1.994,0.005,0.005,50151.257,28537.382,1.0
X_nnf_modelled_missing[145],-0.013,1.028,-2.066,1.959,0.005,0.005,45490.134,28472.238,1.0
X_nnf_modelled_missing[146],0.006,1.026,-2.025,1.998,0.005,0.005,41249.112,28215.292,1.0
X_nnf_modelled_missing[147],0.037,1.04,-2.076,2.016,0.005,0.006,43077.964,25922.589,1.0
X_nnf_modelled_missing[148],0.001,1.013,-1.992,1.988,0.004,0.005,51118.036,29679.391,1.0
X_nnf_modelled_missing[149],0.004,1.009,-1.95,2.011,0.004,0.005,57488.647,28948.076,1.0
X_nnf_modelled_missing[150],0.008,1.014,-2.002,1.991,0.004,0.005,51289.513,29280.596,1.0
X_nnf_modelled_missing[151],0.003,1.026,-2.036,2.011,0.005,0.006,46633.648,27732.506,1.0
X_nnf_modelled_missing[152],-0.019,0.994,-1.988,1.912,0.004,0.005,50263.553,29681.782,1.0
X_nnf_modelled_missing[153],-0.003,1.009,-1.961,2.033,0.004,0.006,56660.355,28597.921,1.0
X_nnf_modelled_missing[154],-0.001,1.015,-2.01,2.006,0.004,0.005,51764.824,29726.232,1.0
X_nnf_modelled_missing[155],-0.007,1.024,-2.022,2.021,0.004,0.006,52662.835,28484.092,1.0
X_nnf_modelled_missing[156],0.009,1.034,-2.005,2.068,0.005,0.005,46002.272,29558.11,1.0
X_nnf_modelled_missing[157],0.001,1.031,-1.984,2.072,0.005,0.005,37151.25,26889.131,1.0
X_nnf_modelled_missing[158],0.034,1.03,-1.938,2.129,0.005,0.005,48584.872,28632.589,1.0
X_nnf_modelled_missing[159],0.04,1.042,-1.967,2.127,0.005,0.006,44381.234,28437.903,1.0
X_nnf_modelled_missing[160],0.036,1.04,-2.011,2.083,0.005,0.006,43767.464,28269.458,1.0
sd_beta,0.323,0.145,0.095,0.609,0.002,0.001,7063.378,11053.77,1.0
"Xsigma_bdnf[0,0]",1.012,0.089,0.846,1.187,0.0,0.0,33223.132,28806.238,1.0
"Xsigma_bdnf[0,1]",1.013,0.082,0.86,1.179,0.0,0.0,47151.744,30378.328,1.0
"Xsigma_bdnf[0,2]",0.943,0.079,0.794,1.099,0.0,0.0,39084.367,28212.996,1.0
"Xsigma_bdnf[0,3]",0.376,0.031,0.317,0.437,0.0,0.0,46137.606,28604.378,1.0
"Xsigma_bdnf[0,4]",0.227,0.019,0.192,0.263,0.0,0.0,40988.453,28537.936,1.0
"Xsigma_bdnf[0,5]",0.393,0.032,0.332,0.457,0.0,0.0,44481.523,27702.715,1.0
"lp_bdnf[0,0]",0.251,0.132,-0.002,0.514,0.001,0.001,13802.875,16570.046,1.0
"lp_bdnf[1,0]",0.225,0.138,-0.038,0.506,0.001,0.001,15260.859,17933.762,1.0
"lp_bdnf[2,0]",0.299,0.121,0.075,0.551,0.001,0.001,11551.505,14964.42,1.0
"lp_bdnf[3,0]",0.321,0.122,0.088,0.563,0.001,0.001,11009.111,14740.756,1.0
"lp_bdnf[4,0]",0.258,0.128,0.017,0.516,0.001,0.001,13319.948,16195.74,1.0
"lp_bdnf[5,0]",0.325,0.123,0.097,0.58,0.001,0.001,11098.773,14725.749,1.0
"lp_bdnf[6,0]",0.258,0.125,0.026,0.518,0.001,0.001,13240.98,16364.835,1.0
"lp_bdnf[7,0]",-0.212,0.12,-0.448,0.022,0.001,0.001,23136.767,26486.707,1.0
"lp_bdnf[8,0]",0.462,0.452,-0.385,1.384,0.003,0.002,30008.241,24401.863,1.0
"lp_bdnf[9,0]",0.766,0.301,0.212,1.368,0.003,0.002,13441.728,17910.241,1.0
"lp_bdnf[10,0]",0.65,0.196,0.293,1.056,0.002,0.001,10398.904,15428.971,1.0
"lp_bdnf[11,0]",0.488,0.466,-0.382,1.42,0.003,0.002,27225.743,24897.35,1.0
"lp_bdnf[12,0]",0.282,0.122,0.053,0.531,0.001,0.001,12233.321,15244.091,1.0
"lp_bdnf[13,0]",0.192,0.161,-0.108,0.526,0.001,0.001,17351.729,20701.316,1.0
"lp_bdnf[14,0]",0.306,0.122,0.08,0.556,0.001,0.001,11289.062,14609.821,1.0
"lp_bdnf[15,0]",0.353,0.127,0.114,0.609,0.001,0.001,10697.939,14271.48,1.0
"lp_bdnf[16,0]",-0.114,0.063,-0.239,0.009,0.0,0.0,23222.09,26208.15,1.0
"lp_bdnf[17,0]",0.448,0.273,-0.059,1.027,0.002,0.001,26310.496,27499.89,1.0
"lp_bdnf[18,0]",0.816,0.303,0.267,1.425,0.003,0.002,13401.526,18320.605,1.0
"lp_bdnf[19,0]",0.963,0.318,0.369,1.592,0.003,0.002,12113.577,18496.143,1.0
"lp_bdnf[20,0]",0.892,0.308,0.324,1.507,0.003,0.002,12342.547,18027.537,1.0
"lp_bdnf[21,0]",0.292,0.126,0.051,0.545,0.001,0.001,12387.055,15486.971,1.0
"lp_bdnf[22,0]",0.595,0.326,0.007,1.271,0.002,0.002,19555.148,19740.731,1.0
"lp_bdnf[23,0]",0.311,0.123,0.081,0.561,0.001,0.001,11170.617,14469.778,1.0
"lp_bdnf[24,0]",0.316,0.178,-0.023,0.689,0.001,0.001,18186.347,22797.389,1.0
"lp_bdnf[25,0]",0.429,0.215,0.012,0.859,0.002,0.001,14490.714,17610.289,1.0
"lp_bdnf[26,0]",0.221,0.15,-0.063,0.527,0.001,0.001,15751.84,18970.207,1.0
"lp_bdnf[27,0]",0.338,0.18,0.008,0.727,0.001,0.001,17505.913,22628.006,1.0
"lp_bdnf[28,0]",-0.228,0.136,-0.497,0.036,0.001,0.001,22865.635,26048.683,1.0
"lp_bdnf[29,0]",0.713,0.241,0.257,1.198,0.002,0.002,12827.675,18388.701,1.0
"lp_bdnf[30,0]",0.431,0.216,0.01,0.863,0.002,0.001,14523.452,17678.483,1.0
"lp_bdnf[31,0]",0.317,0.131,0.068,0.581,0.001,0.001,12080.472,15512.071,1.0
"lp_bdnf[32,0]",0.379,0.139,0.119,0.662,0.001,0.001,11148.894,14896.426,1.0
"lp_bdnf[33,0]",0.505,0.171,0.175,0.844,0.002,0.001,11286.527,15200.779,1.0
"lp_bdnf[34,0]",0.241,0.132,-0.015,0.502,0.001,0.001,14274.091,16893.865,1.0
"lp_bdnf[35,0]",1.117,0.644,-0.043,2.44,0.005,0.003,19818.2,22912.448,1.0
"lp_bdnf[36,0]",0.276,0.133,0.026,0.548,0.001,0.001,12846.113,16130.108,1.0
"lp_bdnf[37,0]",-0.239,0.146,-0.533,0.039,0.001,0.001,22741.934,25750.759,1.0
"lp_bdnf[38,0]",0.274,0.431,-0.556,1.156,0.002,0.002,46382.542,30137.086,1.0
"lp_bdnf[39,0]",0.408,0.151,0.117,0.712,0.001,0.001,11543.859,15560.679,1.0
"lp_bdnf[40,0]",0.289,0.122,0.053,0.532,0.001,0.001,12097.656,15531.167,1.0
"lp_bdnf[41,0]",1.02,0.356,0.377,1.747,0.003,0.002,11738.53,18745.674,1.0
"lp_bdnf[42,0]",0.547,0.271,0.019,1.103,0.002,0.002,14948.22,15852.176,1.0
"lp_bdnf[43,0]",-0.306,0.237,-0.782,0.154,0.002,0.001,21835.277,25368.991,1.0
"lp_bdnf[44,0]",0.793,0.3,0.247,1.396,0.003,0.002,13433.759,18064.848,1.0
"lp_bdnf[45,0]",0.966,0.335,0.349,1.644,0.003,0.002,13210.759,18552.391,1.0
"lp_bdnf[46,0]",0.566,0.179,0.229,0.927,0.002,0.001,10978.163,16059.504,1.0
"lp_bdnf[47,0]",1.045,0.374,0.364,1.811,0.003,0.002,13773.158,19199.845,1.0
"lp_bdnf[48,0]",0.15,0.192,-0.211,0.549,0.001,0.001,19407.015,22414.594,1.0
"lp_bdnf[49,0]",-0.131,0.06,-0.251,-0.018,0.0,0.0,23279.763,28078.286,1.0
"lp_bdnf[50,0]",-0.145,0.067,-0.28,-0.017,0.0,0.0,23434.191,28584.651,1.0
"lp_bdnf[51,0]",0.394,0.184,0.053,0.785,0.001,0.001,15547.242,23459.586,1.0
"lp_bdnf[52,0]",-0.143,0.372,-0.918,0.562,0.002,0.002,40559.228,27262.668,1.0
"lp_bdnf[53,0]",0.297,0.442,-0.567,1.191,0.002,0.002,37195.55,27529.197,1.0
"lp_bdnf[54,0]",0.904,0.329,0.287,1.554,0.003,0.002,13110.248,17959.531,1.0
"lp_bdnf[55,0]",0.248,0.342,-0.412,0.957,0.002,0.001,32036.483,24635.777,1.0
"lp_bdnf[56,0]",0.342,0.183,0.007,0.733,0.001,0.001,17384.516,22717.879,1.0
"lp_bdnf[57,0]",0.385,0.47,-0.489,1.348,0.004,0.003,18657.11,22279.766,1.0
"lp_bdnf[58,0]",-0.281,0.192,-0.66,0.095,0.001,0.001,22157.836,25734.302,1.0
"lp_bdnf[59,0]",0.344,0.122,0.118,0.592,0.001,0.001,10300.653,13885.862,1.0
"lp_bdnf[60,0]",0.421,0.459,-0.436,1.366,0.003,0.002,28540.464,26561.964,1.0
"lp_bdnf[61,0]",0.789,0.306,0.231,1.401,0.003,0.002,14129.51,18142.205,1.0
"lp_bdnf[62,0]",0.327,0.185,-0.013,0.719,0.001,0.001,17469.144,22466.011,1.0
"lp_bdnf[63,0]",0.322,0.131,0.081,0.59,0.001,0.001,11253.619,14903.091,1.0
"lp_bdnf[64,0]",0.31,0.342,-0.304,1.011,0.002,0.002,20336.336,25006.516,1.0
"lp_bdnf[65,0]",0.914,0.298,0.352,1.51,0.003,0.002,12728.613,19126.892,1.0
"lp_bdnf[66,0]",0.481,0.216,0.069,0.914,0.002,0.001,13959.401,17104.076,1.0
"lp_bdnf[67,0]",0.607,0.344,-0.035,1.306,0.003,0.002,20194.698,21684.712,1.0
"lp_bdnf[68,0]",0.384,0.125,0.162,0.65,0.001,0.001,9660.475,13221.296,1.0
"lp_bdnf[69,0]",0.297,0.122,0.07,0.546,0.001,0.001,11600.702,14957.036,1.0
"lp_bdnf[70,0]",0.271,0.182,-0.084,0.655,0.001,0.001,17642.588,20360.953,1.0
"lp_bdnf[71,0]",0.491,0.462,-0.329,1.462,0.003,0.002,24764.535,23535.738,1.0
"lp_bdnf[72,0]",0.331,0.187,-0.036,0.718,0.001,0.001,15230.634,17653.577,1.0
"lp_bdnf[73,0]",0.097,0.433,-0.753,0.983,0.002,0.002,45963.191,29855.02,1.0
"lp_bdnf[74,0]",0.221,0.441,-0.653,1.108,0.002,0.002,42899.493,29229.025,1.0
"lp_bdnf[75,0]",0.455,0.143,0.197,0.756,0.001,0.001,10000.474,14777.937,1.0
"lp_bdnf[76,0]",0.347,0.414,-0.472,1.168,0.002,0.002,40052.987,29751.358,1.0
"lp_bdnf[77,0]",0.374,0.124,0.138,0.622,0.001,0.001,9757.129,13244.362,1.0
"lp_bdnf[78,0]",0.389,0.144,0.12,0.686,0.001,0.001,11384.32,15207.43,1.0
"lp_bdnf[79,0]",0.781,0.306,0.228,1.395,0.003,0.002,14208.775,18142.062,1.0
"lp_bdnf[80,0]",0.362,0.19,0.022,0.768,0.002,0.001,15290.698,23194.365,1.0
"lp_bdnf[81,0]",0.21,0.147,-0.066,0.512,0.001,0.001,16233.287,18742.666,1.0
"lp_bdnf[82,0]",0.176,0.179,-0.159,0.547,0.001,0.001,18262.723,21198.632,1.0
"lp_bdnf[83,0]",0.619,0.277,0.069,1.173,0.002,0.002,15472.357,16732.584,1.0
"lp_bdnf[84,0]",0.536,0.156,0.25,0.856,0.002,0.001,9467.689,14438.274,1.0
"lp_bdnf[85,0]",0.419,0.462,-0.422,1.385,0.003,0.002,27489.471,23863.624,1.0
"lp_bdnf[86,0]",0.246,0.146,-0.032,0.542,0.001,0.001,14563.732,17888.842,1.0
"lp_bdnf[87,0]",0.356,0.185,0.023,0.753,0.001,0.001,16530.382,24391.762,1.0
"Xsigma_syn[0,0]",1.03,0.131,0.799,1.301,0.001,0.001,12600.448,18566.725,1.0
"Xsigma_syn[0,1]",1.035,0.136,0.791,1.312,0.001,0.001,11849.394,16623.35,1.0
"lp_syn[0,0]",-0.056,0.444,-1.044,0.696,0.003,0.003,20046.927,19761.173,1.0
"lp_syn[1,0]",0.929,0.858,-0.606,2.688,0.011,0.008,6710.211,12728.877,1.0
"lp_syn[2,0]",-0.018,0.446,-1.005,0.743,0.003,0.003,20583.295,19593.824,1.0
"lp_syn[3,0]",0.244,0.384,-0.575,1.052,0.002,0.002,43580.712,26161.104,1.0
"lp_syn[4,0]",0.315,0.4,-0.484,1.175,0.002,0.002,33091.855,23971.539,1.0
"lp_syn[5,0]",0.369,0.399,-0.408,1.235,0.002,0.002,34835.764,22583.523,1.0
"lp_syn[6,0]",0.252,0.142,-0.019,0.534,0.001,0.001,17625.699,23341.972,1.0
"lp_syn[7,0]",-0.423,0.452,-1.419,0.35,0.003,0.003,19595.641,20667.07,1.0
"lp_syn[8,0]",0.517,0.474,-0.339,1.509,0.003,0.002,27378.92,24740.341,1.0
"lp_syn[9,0]",0.74,0.458,-0.141,1.699,0.003,0.002,32207.024,24820.819,1.0
"lp_syn[10,0]",0.992,0.802,-0.455,2.647,0.009,0.007,7939.008,12585.897,1.0
"lp_syn[11,0]",0.536,0.484,-0.349,1.534,0.003,0.002,25549.702,26162.008,1.0
"lp_syn[12,0]",0.213,0.38,-0.599,0.997,0.002,0.002,46998.707,26454.927,1.0
"lp_syn[13,0]",0.009,0.401,-0.868,0.779,0.002,0.002,31938.745,23890.069,1.0
"lp_syn[14,0]",0.233,0.386,-0.613,1.036,0.002,0.002,47425.485,26300.936,1.0
"lp_syn[15,0]",0.396,0.397,-0.366,1.262,0.002,0.002,35479.147,22659.73,1.0
"lp_syn[16,0]",-0.337,0.443,-1.338,0.417,0.003,0.003,19951.314,19604.885,1.0
"lp_syn[17,0]",0.492,0.284,-0.029,1.089,0.002,0.001,20409.654,25003.931,1.0
"lp_syn[18,0]",0.8,0.3,0.253,1.405,0.003,0.002,15102.011,19869.057,1.0
"lp_syn[19,0]",0.957,0.325,0.36,1.605,0.003,0.002,11591.101,18394.322,1.0
"lp_syn[20,0]",0.735,0.387,0.024,1.529,0.003,0.002,16526.921,22076.558,1.0
"lp_syn[21,0]",0.223,0.377,-0.563,1.029,0.002,0.002,49404.552,27301.59,1.0
"lp_syn[22,0]",0.651,0.364,-0.03,1.387,0.003,0.002,18405.283,22078.26,1.0
"lp_syn[23,0]",0.098,0.401,-0.795,0.844,0.002,0.002,30603.056,21772.735,1.0
"lp_syn[24,0]",0.364,0.409,-0.43,1.254,0.002,0.002,33404.647,24391.767,1.0
"lp_syn[25,0]",0.459,0.423,-0.347,1.373,0.002,0.002,38433.593,24429.211,1.0
"lp_syn[26,0]",0.175,0.148,-0.112,0.473,0.001,0.001,24619.067,26128.668,1.0
"lp_syn[27,0]",0.264,0.33,-0.373,0.988,0.002,0.002,34238.78,27827.223,1.0
"lp_syn[28,0]",-0.314,0.401,-1.179,0.456,0.002,0.002,34855.628,23689.947,1.0
"lp_syn[29,0]",0.731,0.265,0.259,1.301,0.002,0.002,13830.57,20009.406,1.0
"lp_syn[30,0]",0.558,0.282,0.049,1.144,0.003,0.002,8351.039,13086.03,1.0
"lp_syn[31,0]",0.242,0.382,-0.584,1.026,0.002,0.002,46324.266,27243.075,1.0
"lp_syn[32,0]",0.114,0.433,-0.746,0.967,0.003,0.002,17096.117,23621.589,1.0
"lp_syn[33,0]",0.575,0.208,0.195,0.998,0.002,0.002,7923.147,12736.502,1.0
"lp_syn[34,0]",-0.064,0.445,-1.051,0.71,0.003,0.002,20771.107,21950.442,1.0
"lp_syn[35,0]",1.122,0.643,-0.067,2.412,0.005,0.003,19877.118,23067.395,1.0
"lp_syn[36,0]",0.326,0.401,-0.444,1.212,0.002,0.002,33238.344,23023.241,1.0
"lp_syn[37,0]",-0.065,0.404,-0.816,0.834,0.002,0.002,32101.615,22936.541,1.0
"lp_syn[38,0]",0.36,0.512,-0.623,1.417,0.003,0.003,41804.864,27621.459,1.0
"lp_syn[39,0]",0.172,0.404,-0.696,0.947,0.002,0.002,30431.74,22047.126,1.0
"lp_syn[40,0]",-0.027,0.448,-1.054,0.711,0.003,0.002,21186.196,21204.349,1.0
"lp_syn[41,0]",1.02,0.366,0.355,1.768,0.003,0.002,13099.966,19765.179,1.0
"lp_syn[42,0]",0.288,0.459,-0.708,1.126,0.003,0.002,22029.973,20813.351,1.0
"lp_syn[43,0]",-0.503,0.486,-1.56,0.359,0.004,0.003,20549.192,20085.255,1.0
"lp_syn[44,0]",0.772,0.294,0.226,1.354,0.003,0.002,14481.812,19477.285,1.0
"lp_syn[45,0]",0.954,0.33,0.341,1.614,0.003,0.002,14845.943,21715.637,1.0
"lp_syn[46,0]",0.592,0.211,0.193,1.013,0.002,0.001,11885.377,18364.086,1.0
"lp_syn[47,0]",1.06,0.378,0.366,1.826,0.003,0.002,14557.392,21101.74,1.0
"lp_syn[48,0]",0.236,0.416,-0.559,1.135,0.002,0.002,32264.384,22277.422,1.0
"lp_syn[49,0]",0.016,0.386,-0.716,0.879,0.002,0.002,33955.684,23982.83,1.0
"lp_syn[50,0]",-0.246,0.386,-1.14,0.455,0.002,0.002,34762.677,21270.586,1.0
"lp_syn[51,0]",0.425,0.413,-0.354,1.335,0.002,0.002,36863.54,24455.738,1.0
"lp_syn[52,0]",-0.248,0.487,-1.241,0.688,0.003,0.002,35826.87,25142.093,1.0
"lp_syn[53,0]",0.357,0.524,-0.638,1.446,0.003,0.003,36708.7,27559.823,1.0
"lp_syn[54,0]",0.862,0.487,-0.063,1.869,0.003,0.002,32211.693,23108.055,1.0
"lp_syn[55,0]",0.324,0.365,-0.393,1.054,0.002,0.002,28576.355,26065.01,1.0
"lp_syn[56,0]",0.385,0.416,-0.398,1.309,0.002,0.002,34997.216,24724.729,1.0
"lp_syn[57,0]",-0.07,0.554,-1.185,1.02,0.004,0.003,22603.414,28152.196,1.0
"lp_syn[58,0]",0.053,0.329,-0.559,0.73,0.004,0.003,7591.279,13341.189,1.0
"lp_syn[59,0]",0.124,0.394,-0.757,0.852,0.002,0.002,32642.78,23899.286,1.0
"lp_syn[60,0]",0.475,0.474,-0.411,1.445,0.003,0.002,26481.395,26283.73,1.0
"lp_syn[61,0]",0.768,0.468,-0.116,1.75,0.003,0.002,31965.058,23809.023,1.0
"lp_syn[62,0]",0.368,0.411,-0.405,1.276,0.002,0.002,33396.317,25408.001,1.0
"lp_syn[63,0]",0.43,0.355,-0.152,1.218,0.003,0.002,17099.611,17045.287,1.0
"lp_syn[64,0]",0.362,0.368,-0.314,1.109,0.003,0.002,19759.647,25597.82,1.0
"lp_syn[65,0]",0.924,0.305,0.344,1.527,0.003,0.002,14101.222,21487.906,1.0
"lp_syn[66,0]",0.511,0.248,0.042,1.015,0.002,0.002,13760.558,19109.085,1.0
"lp_syn[67,0]",0.479,0.471,-0.457,1.446,0.002,0.002,38474.283,27655.255,1.0
"lp_syn[68,0]",0.045,0.452,-0.927,0.839,0.003,0.002,19526.535,20748.706,1.0
"lp_syn[69,0]",0.228,0.38,-0.552,1.055,0.002,0.002,49759.403,26438.833,1.0
"lp_syn[70,0]",-0.039,0.458,-1.056,0.768,0.003,0.002,19784.372,21100.645,1.0
"lp_syn[71,0]",0.526,0.472,-0.335,1.497,0.003,0.002,24893.509,25540.552,1.0
"lp_syn[72,0]",0.005,0.463,-1.02,0.794,0.003,0.002,21107.698,20875.411,1.0
"lp_syn[73,0]",0.073,0.505,-0.969,1.068,0.002,0.002,52121.71,32128.117,1.0
"lp_syn[74,0]",0.299,0.522,-0.718,1.361,0.003,0.003,38275.542,28018.838,1.0
"lp_syn[75,0]",0.214,0.402,-0.704,0.942,0.003,0.002,28943.565,22391.051,1.0
"lp_syn[76,0]",0.029,0.567,-1.154,1.073,0.004,0.003,20819.763,21849.341,1.0
"lp_syn[77,0]",0.146,0.402,-0.773,0.882,0.002,0.002,30356.132,24712.738,1.0
"lp_syn[78,0]",0.157,0.404,-0.745,0.909,0.002,0.002,31205.542,23921.353,1.0
"lp_syn[79,0]",0.505,0.457,-0.387,1.425,0.003,0.002,24806.895,24163.382,1.0
"lp_syn[80,0]",-0.069,0.496,-1.035,0.923,0.004,0.003,14202.541,23687.215,1.0
"lp_syn[81,0]",0.157,0.384,-0.665,0.948,0.002,0.002,49767.04,26105.636,1.0
"lp_syn[82,0]",0.248,0.41,-0.549,1.12,0.002,0.002,33501.026,23587.499,1.0
"lp_syn[83,0]",0.617,0.45,-0.255,1.578,0.002,0.002,38171.639,26030.312,1.0
"lp_syn[84,0]",0.546,0.407,-0.264,1.41,0.002,0.002,35867.702,21785.004,1.0
"lp_syn[85,0]",0.474,0.481,-0.414,1.46,0.003,0.002,26507.293,24881.426,1.0
"lp_syn[86,0]",0.289,0.213,-0.118,0.715,0.002,0.001,14897.991,21524.858,1.0
"lp_syn[87,0]",0.373,0.442,-0.48,1.344,0.002,0.002,34130.856,23295.836,1.0
"Xsigma_nnf[0,0]",1.013,0.09,0.844,1.195,0.001,0.0,31819.357,27969.284,1.0
"Xsigma_nnf[0,1]",1.012,0.09,0.842,1.192,0.001,0.0,31805.406,29985.396,1.0
"Xsigma_nnf[0,2]",1.023,0.124,0.793,1.268,0.001,0.001,14691.837,21545.787,1.0
"Xsigma_nnf[0,3]",1.028,0.14,0.782,1.316,0.001,0.001,10467.35,17050.926,1.0
"lp_nnf[0,0]",-0.338,0.699,-1.786,0.928,0.006,0.004,17255.148,21051.358,1.0
"lp_nnf[1,0]",0.873,0.868,-0.732,2.619,0.011,0.007,6945.971,12228.593,1.0
"lp_nnf[2,0]",-0.307,0.714,-1.802,0.975,0.005,0.004,18495.012,21859.574,1.0
"lp_nnf[3,0]",0.183,0.614,-1.136,1.379,0.003,0.003,41841.797,30203.824,1.0
"lp_nnf[4,0]",0.427,0.555,-0.606,1.609,0.004,0.003,27178.623,25381.481,1.0
"lp_nnf[5,0]",0.455,0.549,-0.545,1.661,0.003,0.003,30491.327,26792.253,1.0
"lp_nnf[6,0]",0.238,0.147,-0.042,0.533,0.001,0.001,18080.158,23726.743,1.0
"lp_nnf[7,0]",-0.623,0.707,-2.158,0.622,0.005,0.004,20823.163,22366.423,1.0
"lp_nnf[8,0]",0.447,0.498,-0.488,1.469,0.003,0.002,27745.695,25227.386,1.0
"lp_nnf[9,0]",0.716,0.457,-0.17,1.674,0.003,0.002,33862.471,25792.953,1.0
"lp_nnf[10,0]",1.038,0.868,-0.539,2.843,0.009,0.006,9490.323,15031.907,1.0
"lp_nnf[11,0]",0.468,0.501,-0.462,1.499,0.003,0.002,28171.867,25886.805,1.0
"lp_nnf[12,0]",0.157,0.608,-1.066,1.413,0.003,0.003,42838.527,30060.065,1.0
"lp_nnf[13,0]",-0.016,0.529,-1.164,0.999,0.003,0.003,34408.152,27824.119,1.0
"lp_nnf[14,0]",0.173,0.615,-1.094,1.433,0.003,0.003,40287.335,29723.972,1.0
"lp_nnf[15,0]",0.415,0.46,-0.448,1.42,0.003,0.002,33874.068,24939.278,1.0
"lp_nnf[16,0]",-0.554,0.699,-2.03,0.698,0.005,0.004,19830.284,22240.797,1.0
"lp_nnf[17,0]",0.522,0.374,-0.163,1.315,0.002,0.002,23509.013,26558.348,1.0
"lp_nnf[18,0]",0.809,0.319,0.235,1.465,0.003,0.002,15479.902,20153.165,1.0
"lp_nnf[19,0]",1.023,0.47,0.155,1.977,0.004,0.003,14057.905,18874.265,1.0
"lp_nnf[20,0]",0.742,0.457,-0.106,1.679,0.003,0.002,19669.995,24767.071,1.0
"lp_nnf[21,0]",0.163,0.613,-1.096,1.4,0.003,0.003,41896.669,29255.468,1.0
"lp_nnf[22,0]",0.58,0.389,-0.141,1.378,0.003,0.002,20176.165,22129.806,1.0
"lp_nnf[23,0]",0.09,0.534,-1.067,1.118,0.003,0.003,33354.915,28364.622,1.0
"lp_nnf[24,0]",0.452,0.559,-0.582,1.641,0.003,0.003,34493.279,27426.464,1.0
"lp_nnf[25,0]",0.546,0.57,-0.485,1.808,0.003,0.003,34512.001,26251.363,1.0
"lp_nnf[26,0]",0.109,0.223,-0.327,0.559,0.002,0.001,21402.822,25771.341,1.0
"lp_nnf[27,0]",0.196,0.592,-1.046,1.394,0.003,0.003,37510.987,30580.177,1.0
"lp_nnf[28,0]",-0.244,0.545,-1.358,0.873,0.003,0.003,35534.097,28709.284,1.0
"lp_nnf[29,0]",0.784,0.482,-0.088,1.832,0.003,0.003,22299.64,22849.135,1.0
"lp_nnf[30,0]",0.626,0.49,-0.289,1.65,0.004,0.003,15710.875,21960.031,1.0
"lp_nnf[31,0]",0.184,0.609,-1.088,1.411,0.003,0.003,39505.229,31911.103,1.0
"lp_nnf[32,0]",0.225,0.567,-0.875,1.393,0.004,0.003,25269.047,25351.539,1.0
"lp_nnf[33,0]",0.648,0.432,-0.166,1.529,0.004,0.003,13806.572,18046.142,1.0
"lp_nnf[34,0]",-0.343,0.704,-1.817,0.928,0.005,0.004,17877.842,23189.114,1.0
"lp_nnf[35,0]",1.122,0.68,-0.154,2.484,0.005,0.003,22033.467,24812.249,1.0
"lp_nnf[36,0]",0.481,0.592,-0.646,1.709,0.004,0.003,23103.29,23197.045,1.0
"lp_nnf[37,0]",0.075,0.565,-0.948,1.296,0.004,0.003,24073.445,24808.665,1.0
"lp_nnf[38,0]",0.293,0.528,-0.722,1.395,0.003,0.003,42627.026,28190.374,1.0
"lp_nnf[39,0]",0.144,0.459,-0.834,1.044,0.003,0.002,31224.024,23711.637,1.0
"lp_nnf[40,0]",-0.318,0.711,-1.838,0.911,0.006,0.004,17791.268,23087.475,1.0
"lp_nnf[41,0]",0.971,0.369,0.277,1.703,0.003,0.002,14408.787,20048.607,1.0
"lp_nnf[42,0]",0.236,0.569,-0.982,1.318,0.004,0.003,26349.094,25908.922,1.0
"lp_nnf[43,0]",-0.689,0.717,-2.211,0.596,0.005,0.004,22250.985,23172.465,1.0
"lp_nnf[44,0]",0.774,0.383,0.076,1.569,0.003,0.002,18633.816,22601.998,1.0
"lp_nnf[45,0]",0.762,0.624,-0.498,2.049,0.003,0.003,33925.956,28342.252,1.0
"lp_nnf[46,0]",0.666,0.442,-0.178,1.565,0.004,0.003,15616.363,18757.768,1.0
"lp_nnf[47,0]",1.023,0.378,0.312,1.774,0.003,0.002,15547.543,22072.973,1.0
"lp_nnf[48,0]",0.346,0.566,-0.679,1.566,0.004,0.003,28454.899,23946.25,1.0
"lp_nnf[49,0]",0.172,0.549,-0.83,1.37,0.004,0.003,25199.664,24533.766,1.0
"lp_nnf[50,0]",-0.233,0.517,-1.361,0.778,0.003,0.003,35375.331,26613.738,1.0
"lp_nnf[51,0]",0.542,0.575,-0.542,1.769,0.004,0.003,27835.93,24272.84,1.0
"lp_nnf[52,0]",-0.235,0.586,-1.435,0.926,0.003,0.003,40427.268,28455.717,1.0
"lp_nnf[53,0]",0.456,0.661,-0.806,1.811,0.004,0.003,25999.462,27262.351,1.0
"lp_nnf[54,0]",0.91,0.615,-0.269,2.19,0.004,0.003,30940.403,24578.868,1.0
"lp_nnf[55,0]",0.27,0.376,-0.462,1.039,0.002,0.002,28344.196,24565.973,1.0
"lp_nnf[56,0]",0.47,0.566,-0.628,1.641,0.003,0.003,30594.879,23924.555,1.0
"lp_nnf[57,0]",-0.081,0.696,-1.5,1.276,0.004,0.003,33236.573,32071.764,1.0
"lp_nnf[58,0]",-0.017,0.37,-0.728,0.73,0.004,0.003,9192.493,14886.744,1.0
"lp_nnf[59,0]",0.094,0.4,-0.796,0.839,0.002,0.002,30961.906,23738.245,1.0
"lp_nnf[60,0]",0.406,0.495,-0.527,1.412,0.003,0.002,28537.345,26265.393,1.0
"lp_nnf[61,0]",0.708,0.485,-0.217,1.731,0.003,0.002,31724.916,23375.736,1.0
"lp_nnf[62,0]",0.485,0.567,-0.619,1.653,0.004,0.003,26814.775,25565.659,1.0
"lp_nnf[63,0]",0.529,0.532,-0.414,1.693,0.004,0.003,20925.636,21549.36,1.0
"lp_nnf[64,0]",0.307,0.376,-0.383,1.093,0.003,0.002,21275.393,25987.117,1.0
"lp_nnf[65,0]",0.964,0.509,0.054,2.071,0.004,0.003,21508.53,24522.578,1.0
"lp_nnf[66,0]",0.559,0.303,-0.013,1.171,0.003,0.002,13339.102,17912.425,1.0
"lp_nnf[67,0]",0.366,0.666,-0.971,1.708,0.003,0.003,41335.214,32322.18,1.0
"lp_nnf[68,0]",-0.261,0.709,-1.738,1.005,0.006,0.004,17435.53,23874.901,1.0
"lp_nnf[69,0]",0.162,0.618,-1.135,1.413,0.003,0.003,42908.076,30255.385,1.0
"lp_nnf[70,0]",-0.325,0.716,-1.804,0.974,0.006,0.004,17919.989,20745.026,1.0
"lp_nnf[71,0]",0.469,0.484,-0.464,1.427,0.003,0.002,26933.41,24180.174,1.0
"lp_nnf[72,0]",-0.293,0.716,-1.811,0.965,0.006,0.004,17280.686,21066.342,1.0
"lp_nnf[73,0]",0.051,0.665,-1.247,1.447,0.003,0.003,45510.417,31435.876,1.0
"lp_nnf[74,0]",0.395,0.647,-0.838,1.726,0.004,0.003,27888.102,25478.747,1.0
"lp_nnf[75,0]",0.145,0.44,-0.804,0.977,0.003,0.002,25001.93,22924.992,1.0
"lp_nnf[76,0]",-0.278,0.769,-1.888,1.091,0.006,0.004,17896.951,21568.433,1.0
"lp_nnf[77,0]",0.13,0.528,-0.994,1.155,0.003,0.003,33888.833,28205.038,1.0
"lp_nnf[78,0]",0.115,0.528,-1.018,1.14,0.003,0.003,32576.443,27388.729,1.0
"lp_nnf[79,0]",0.572,0.589,-0.564,1.769,0.004,0.003,29150.633,25489.536,1.0
"lp_nnf[80,0]",-0.07,0.666,-1.428,1.223,0.004,0.003,25663.365,27812.887,1.0
"lp_nnf[81,0]",0.113,0.614,-1.137,1.387,0.003,0.003,43520.776,29669.352,1.0
"lp_nnf[82,0]",0.427,0.665,-0.807,1.842,0.004,0.003,23004.743,24824.405,1.0
"lp_nnf[83,0]",0.706,0.583,-0.415,1.926,0.003,0.003,37748.951,29083.393,1.0
"lp_nnf[84,0]",0.559,0.471,-0.333,1.596,0.003,0.002,35278.555,24370.093,1.0
"lp_nnf[85,0]",0.405,0.499,-0.515,1.45,0.003,0.002,28457.065,25579.73,1.0
"lp_nnf[86,0]",0.227,0.256,-0.27,0.739,0.002,0.001,16845.317,23667.186,1.0
"lp_nnf[87,0]",1.246,1.866,-2.095,5.184,0.011,0.009,34490.334,27451.138,1.0
"lp_dnt[0,0]",-0.144,1.002,-2.284,1.649,0.007,0.005,19727.4,23012.245,1.0
"lp_dnt[1,0]",2.027,1.784,-1.146,5.671,0.022,0.016,6770.278,12377.984,1.0
"lp_dnt[2,0]",-0.026,1.006,-2.143,1.779,0.007,0.005,21099.836,21679.683,1.0
"lp_dnt[3,0]",0.747,0.889,-1.037,2.588,0.004,0.004,46172.411,28792.55,1.0
"lp_dnt[4,0]",1.0,0.92,-0.66,3.012,0.006,0.005,24500.34,24113.406,1.0
"lp_dnt[5,0]",1.149,0.912,-0.546,3.087,0.006,0.005,26813.136,23244.43,1.0
"lp_dnt[6,0]",0.748,0.393,0.001,1.531,0.003,0.002,16769.729,21977.034,1.0
"lp_dnt[7,0]",-1.258,1.067,-3.599,0.549,0.008,0.006,17780.939,22513.425,1.0
"lp_dnt[8,0]",1.426,1.376,-1.134,4.235,0.008,0.007,30287.401,24632.655,1.0
"lp_dnt[9,0]",2.222,1.104,0.191,4.503,0.007,0.006,24176.202,23978.353,1.0
"lp_dnt[10,0]",2.68,1.728,-0.432,6.198,0.02,0.014,8061.514,13189.007,1.0
"lp_dnt[11,0]",1.492,1.41,-1.204,4.289,0.009,0.007,28173.753,25419.065,1.0
"lp_dnt[12,0]",0.652,0.883,-1.179,2.432,0.004,0.004,47197.474,29382.403,1.0
"lp_dnt[13,0]",0.184,0.888,-1.685,1.917,0.005,0.004,37195.695,26769.475,1.0
"lp_dnt[14,0]",0.712,0.896,-1.152,2.527,0.004,0.004,46264.406,29610.335,1.0
"lp_dnt[15,0]",1.164,0.867,-0.409,3.062,0.006,0.005,27565.689,22993.732,1.0
"lp_dnt[16,0]",-1.005,1.029,-3.207,0.786,0.008,0.006,17796.791,21100.379,1.0
"lp_dnt[17,0]",1.462,0.869,-0.081,3.336,0.006,0.004,22488.582,26697.607,1.0
"lp_dnt[18,0]",2.425,0.907,0.795,4.268,0.008,0.006,14536.438,19754.367,1.0
"lp_dnt[19,0]",2.943,1.022,1.108,5.022,0.009,0.007,12123.395,18933.571,1.0
"lp_dnt[20,0]",2.369,1.03,0.52,4.486,0.008,0.006,16432.156,20962.73,1.0
"lp_dnt[21,0]",0.678,0.883,-1.075,2.521,0.004,0.004,47896.658,29490.972,1.0
"lp_dnt[22,0]",1.825,1.016,-0.004,3.946,0.007,0.006,20045.629,21401.245,1.0
"lp_dnt[23,0]",0.499,0.862,-1.357,2.179,0.004,0.004,39173.492,28154.705,1.0
"lp_dnt[24,0]",1.132,0.964,-0.701,3.116,0.006,0.005,28239.022,25388.692,1.0
"lp_dnt[25,0]",1.433,1.015,-0.406,3.633,0.006,0.005,27956.216,24161.277,1.0
"lp_dnt[26,0]",0.504,0.454,-0.392,1.401,0.003,0.002,23739.139,26565.095,1.0
"lp_dnt[27,0]",0.798,0.862,-0.879,2.582,0.004,0.004,39038.556,28535.906,1.0
"lp_dnt[28,0]",-0.786,0.9,-2.639,0.997,0.005,0.004,35739.996,26254.623,1.0
"lp_dnt[29,0]",2.228,0.853,0.596,3.907,0.007,0.005,15070.621,20455.113,1.0
"lp_dnt[30,0]",1.615,0.859,0.049,3.401,0.008,0.006,11041.943,16537.766,1.0
"lp_dnt[31,0]",0.743,0.889,-1.107,2.521,0.004,0.004,45772.382,31669.169,1.0
"lp_dnt[32,0]",0.718,0.942,-1.139,2.601,0.007,0.005,21914.325,23510.448,1.0
"lp_dnt[33,0]",1.728,0.684,0.448,3.095,0.007,0.005,10325.344,16143.261,1.0
"lp_dnt[34,0]",-0.166,1.009,-2.352,1.635,0.007,0.005,20776.15,24146.944,1.0
"lp_dnt[35,0]",3.361,1.935,-0.232,7.239,0.014,0.01,20286.888,23518.579,1.0
"lp_dnt[36,0]",1.082,0.946,-0.657,3.097,0.007,0.005,22801.464,22652.005,1.0
"lp_dnt[37,0]",-0.23,0.914,-1.951,1.723,0.006,0.004,28799.469,24801.754,1.0
"lp_dnt[38,0]",0.927,1.34,-1.614,3.689,0.006,0.006,48618.863,30124.71,1.0
"lp_dnt[39,0]",0.724,0.842,-1.03,2.4,0.004,0.004,39103.232,24914.2,1.0
"lp_dnt[40,0]",-0.056,1.01,-2.21,1.736,0.007,0.005,20989.818,22968.026,1.0
"lp_dnt[41,0]",3.01,1.066,1.067,5.182,0.01,0.007,12922.391,19922.459,1.0
"lp_dnt[42,0]",1.071,1.067,-1.16,3.112,0.007,0.005,22989.788,20805.835,1.0
"lp_dnt[43,0]",-1.499,1.186,-3.888,0.744,0.009,0.007,19447.445,21069.71,1.0
"lp_dnt[44,0]",2.339,0.916,0.677,4.177,0.008,0.006,14682.19,19552.985,1.0
"lp_dnt[45,0]",2.681,1.067,0.684,4.844,0.007,0.005,22408.825,25530.098,1.0
"lp_dnt[46,0]",1.824,0.695,0.555,3.256,0.006,0.004,13107.876,18402.256,1.0
"lp_dnt[47,0]",3.128,1.118,1.124,5.439,0.009,0.007,14552.688,21163.325,1.0
"lp_dnt[48,0]",0.732,0.988,-1.14,2.772,0.006,0.005,25656.03,22539.413,1.0
"lp_dnt[49,0]",0.057,0.849,-1.505,1.938,0.005,0.004,29537.537,24627.038,1.0
"lp_dnt[50,0]",-0.624,0.839,-2.466,0.964,0.005,0.004,34372.617,24220.386,1.0
"lp_dnt[51,0]",1.361,0.985,-0.507,3.385,0.006,0.005,26011.605,24909.752,1.0
"lp_dnt[52,0]",-0.626,1.243,-3.123,1.773,0.006,0.006,40532.36,27849.965,1.0
"lp_dnt[53,0]",1.11,1.401,-1.598,3.942,0.008,0.006,36088.618,29762.732,1.0
"lp_dnt[54,0]",2.676,1.241,0.395,5.238,0.008,0.006,23252.685,22624.069,1.0
"lp_dnt[55,0]",0.842,1.048,-1.267,2.919,0.006,0.004,31659.757,24962.334,1.0
"lp_dnt[56,0]",1.197,0.982,-0.59,3.318,0.006,0.005,27572.492,24316.623,1.0
"lp_dnt[57,0]",0.233,1.395,-2.411,3.123,0.007,0.006,39211.717,31335.138,1.0
"lp_dnt[58,0]",-0.245,0.765,-1.718,1.309,0.008,0.005,10641.66,16661.34,1.0
"lp_dnt[59,0]",0.563,0.793,-1.185,2.08,0.004,0.004,40309.602,25966.081,1.0
"lp_dnt[60,0]",1.303,1.383,-1.204,4.209,0.008,0.007,29284.639,27047.578,1.0
"lp_dnt[61,0]",2.266,1.133,0.239,4.663,0.008,0.006,24763.095,21692.658,1.0
"lp_dnt[62,0]",1.18,0.976,-0.629,3.228,0.006,0.005,24987.715,25297.389,1.0
"lp_dnt[63,0]",1.281,0.874,-0.213,3.132,0.008,0.005,15172.508,17049.501,1.0
"lp_dnt[64,0]",0.98,1.042,-0.899,3.119,0.007,0.005,21089.279,25621.386,1.0
"lp_dnt[65,0]",2.801,0.984,0.999,4.794,0.008,0.006,14539.172,21206.826,1.0
"lp_dnt[66,0]",1.551,0.713,0.194,2.975,0.006,0.005,13538.322,19720.871,1.0
"lp_dnt[67,0]",1.452,1.194,-0.895,3.85,0.006,0.005,43128.282,27273.793,1.0
"lp_dnt[68,0]",0.168,1.002,-1.915,2.009,0.007,0.005,20670.827,21981.006,1.0
"lp_dnt[69,0]",0.687,0.892,-1.117,2.518,0.004,0.004,49207.662,30048.916,1.0
"lp_dnt[70,0]",-0.093,1.056,-2.299,1.883,0.008,0.005,20650.529,21297.596,1.0
"lp_dnt[71,0]",1.486,1.387,-1.033,4.352,0.009,0.007,26222.288,23891.7,1.0
"lp_dnt[72,0]",0.043,1.057,-2.189,1.935,0.008,0.005,21701.353,24247.109,1.0
"lp_dnt[73,0]",0.22,1.333,-2.414,2.897,0.006,0.006,56732.253,32407.955,1.0
"lp_dnt[74,0]",0.915,1.388,-1.71,3.786,0.007,0.006,40158.792,28118.137,1.0
"lp_dnt[75,0]",0.814,0.827,-0.975,2.422,0.004,0.004,35690.388,24338.414,1.0
"lp_dnt[76,0]",0.098,1.427,-2.849,2.76,0.009,0.007,24031.131,25605.804,1.0
"lp_dnt[77,0]",0.65,0.852,-1.15,2.328,0.004,0.004,40107.377,27824.231,1.0
"lp_dnt[78,0]",0.661,0.866,-1.112,2.408,0.004,0.004,39913.733,27723.541,1.0
"lp_dnt[79,0]",1.858,1.127,-0.293,4.093,0.007,0.005,26846.2,24516.957,1.0
"lp_dnt[80,0]",0.223,1.069,-1.853,2.381,0.007,0.005,22490.014,27901.987,1.0
"lp_dnt[81,0]",0.48,0.909,-1.422,2.284,0.004,0.004,47843.647,30305.776,1.0
"lp_dnt[82,0]",0.851,1.03,-1.019,3.052,0.007,0.005,23364.189,24356.061,1.0
"lp_dnt[83,0]",1.941,1.106,-0.163,4.249,0.007,0.005,29711.41,28000.094,1.0
"lp_dnt[84,0]",1.641,0.904,-0.077,3.535,0.006,0.005,27045.004,21089.548,1.0
"lp_dnt[85,0]",1.298,1.397,-1.318,4.147,0.008,0.007,28978.573,25721.998,1.0
"lp_dnt[86,0]",0.762,0.541,-0.256,1.867,0.004,0.003,15863.917,21328.53,1.0
"lp_dnt[87,0]",1.976,1.956,-1.57,6.041,0.012,0.009,30448.807,26627.381,1.0
